1,barbara_profile.jpg,2019-06-15,Barbara's profile
2,img_9203710.jpg,2019-06-15,James' Profile
3,dcim_38118385.jpg,2019-06-15,Mary
4,knitting.jpg,2019-06-15,Knitted Touques
5,img_28391910488.jpg,2019-06-15,Richard
6,img_21838392835.jpg,2019-06-15,Mickey Mouse Cookies
7,img_38201884043.jpg,2019-06-15,So cute!
8,img_28320384855.jpg,2019-06-15,Smiling already!
9,rainbow.jpg,2019-06-15,Rainbow Quilt
10,stereo1.jpg,2019-06-15,Front Panel
11,stereo2.jpg,2019-06-15,Bass Speakers Installed
12,new_shed.jpg,2019-06-15,Shed inside empty
13,rose.jpg,2019-06-15,Rose
14,putter.jpg,2019-06-15,Putter
15,nine-iron.jpg,2019-06-15,9 Iron
16,driver.jpg,2019-06-15,Driver