1,Mickey Mouse Cookies,I found this great recipe for sugar cookies and a new Mickey Mouse cookie cutter.,2019-04-14,2019-04-15,1
2,Touques for infants,I'm knitting touques for our grandchild that should be born soon!,2019-02-15,2019-02-16,3
3,Our newest family member!,"Congratulations to our daughter on their new bundle of joy! Theresa May -Born March 3, 2019.",2019-03-04,2019-03-04,3
4,Rainbow Quilt,Beautiful new rainbow quilt for our newest granddaughter.,2019-03-29,2019-04-01,3
5,New Car Stereo and Speakers,Best Bass Ever! You can hear me from 5 blocks away!,2019-05-09,2019-05-09,2
6,Garden Shed,New garden shed has room for the lawn mowers and all our garden tools.,2019-05-22,2019-05-22,2
7,Great way to hang pictures,It's simple and cost effective!,2019-04-27,2019-04-27,4
8,"Beautiful colour, beautiful smell",Found a great place to buy the best roses!,2019-04-14,2019-04-16,4
9,Set of golf clubs for sale,A friend of mine is selling his set of clubs before he moves to Saskatchewan.,2019-05-12,2019-05-15,2
10,"Change your own oil, save hundreds!","Mechanics are too expensive, and it's not that hard to do it yourself.",2019-02-22,2019-02-22,2
11,Awesome Floor Mats,Keep your car clean with these awesome car mats!,2019-03-03,2019-03-03,2